﻿{
    "handler": "Microsoft.Compute.MultiVm",
    "version": "0.1.2-preview",
    "parameters": {
        "basics": [
        ],
        "steps": [
            {
                "label": "Informatica Domain Settings",
                "name": "infaDomainConfiguration",
                "subLabel": {
                    "preValidation": "Configure domain settings",
                    "postValidation": "Done"
                },
                "bladeTitle": "Informatica Domain Settings",
                "elements": [
                    {
                        "name": "domainConfig",
                        "type": "Microsoft.Common.Section",
                        "label": "Domain configuration",
                        "elements": [
                            {
                                "name": "infaVersion",
                                "type": "Microsoft.Common.DropDown",
                                "label": "Informatica PowerCenter version",
                                "defaultValue": "10.1.1",
                                "toolTip": "Informatica PowerCenter product version",
                                "constraints": {
                                    "allowedValues": [
                                        {
                                            "label": "10.1.1",
                                            "value": "1011"
                                        }
                                    ]
                                },
                                "visible": true
                            },
                            {
                                "name": "infaDomainName",
                                "type": "Microsoft.Common.TextBox",
                                "label": "Informatica domain name",
                                "defaultValue": "Azure_Domain",
                                "toolTip": "Specify a name for the Domain",
                                "constraints": {
                                    "required": true,
                                    "regex": "^[a-z0-9A-Z_]{3,30}$",
                                    "validationMessage": "Only alphanumeric characters and underscore are allowed. The value must be 3-30"
                                }
                            },
                            {
                                "name": "infaDomainUser",
                                "type": "Microsoft.Common.TextBox",
                                "label": "Informatica domain administrator name",
                                "defaultValue": "Administrator",
                                "toolTip": "Domain administrator user name",
                                "constraints": {
                                    "required": true,
                                    "regex": "^[a-z0-9A-Z_]{3,30}$",
                                    "validationMessage": "Only alphanumeric characters and underscore are allowed. The value must be 3-30"
                                }
                            },
                            {
                                "name": "infaDomainPassword",
                                "type": "Microsoft.Common.PasswordBox",
                                "label": {
                                    "password": "Informatica domain password",
                                    "confirmPassword": "Confirm Informatica domain password"
                                },
                                "constraints": {
                                    "required": true,
                                    "regex": "^(?=.*[A-Z])(?=.*[a-z])(?=.*\\d)(?=.*[^\\s\\w])(?!.*[\"$]).{8,123}$",
                                    "validationMessage": "Password must be at least 8 characters in length. Should contain at least one special character, number, upper-case and lower-case character. Double quote(\") and dollar($) is not allowed"
                                },
                                "options": {
                                    "hideConfirmation": false
                                }

                            },
                            {
                                "name": "infaDomainEncryptionKeyword",
                                "type": "Microsoft.Common.PasswordBox",
                                "toolTip": "Keyphrase for generating encryption key for domain",
                                "label": {
                                    "password": "Keyphrase for encryption key",
                                    "confirmPassword": "Confirm keyphrase for encryption key"
                                },
                                "constraints": {
                                    "required": true,
                                    "regex": "^(?=.*[A-Z])(?=.*[a-z])(?=.*\\d)(?=.*[^\\s\\w])(?!.*[\"$]).{8,20}$",
                                    "validationMessage": "Keyphrase must be at least 8 and maximum of 20 characters in length. Should contain at least one special character, number, upper-case and lower-case character. Double quote(\") and dollar($) is not allowed"
                                },
                                "options": {
                                    "hideConfirmation": true
                                }
                            },
                            {
                                "name": "infaDomainLicense",
                                "type": "Microsoft.Common.FileUpload",
                                "label": "Informatica license file",
                                "toolTip": "",
                                "constraints": {
                                    "required": false,
                                    "accept": ".key"
                                },
                                "options": {
                                    "multiple": false,
                                    "uploadMode": "url",
                                    "openMode": "text",
                                    "encoding": "UTF-8"
                                },
                                "visible": true
                            }
                        ]
                    },
                    {
                        "name": "domainServiceConfig",
                        "type": "Microsoft.Common.Section",
                        "label": "Service configuration",
                        "elements": [
                            {
                                "name": "pcServiceCreateOrSkip",
                                "type": "Microsoft.Common.OptionsGroup",
                                "label": "PowerCenter service",
                                "defaultValue": "Create",
                                "toolTip": "Choose option Create if PowerCenter Repository and Integration service has to be created or Skip to if you want to create it later",
                                "constraints": {
                                    "allowedValues": [
                                        {
                                            "label": "Create",
                                            "value": "create"
                                        },
                                        {
                                            "label": "Skip",
                                            "value": "skip"
                                        }
                                    ]
                                }
                            },
                            {
                                "name": "pcRepositoryServiceName",
                                "type": "Microsoft.Common.TextBox",
                                "label": "PowerCenter Repository service name",
                                "defaultValue": "PCRS",
                                "toolTip": "Specify a name for the Repository service",
                                "constraints": {
                                    "required": true,
                                    "regex": "^[a-z0-9A-Z_]{3,30}$",
                                    "validationMessage": "Only alphanumeric characters and underscore are allowed. The value must be 3-30"
                                },
                                "visible": "[equals(steps('infaDomainConfiguration').domainServiceConfig.pcServiceCreateOrSkip, 'create')]"
                            },
                            {
                                "name": "pcIntegrationServiceName",
                                "type": "Microsoft.Common.TextBox",
                                "label": "PowerCenter Integration service name",
                                "defaultValue": "PCIS",
                                "toolTip": "Specify a name for the Integration service",
                                "constraints": {
                                    "required": true,
                                    "regex": "^[a-z0-9A-Z_]{3,30}$",
                                    "validationMessage": "Only alphanumeric characters and underscore are allowed. The value must be 3-30"
                                },
                                "visible": "[equals(steps('infaDomainConfiguration').domainServiceConfig.pcServiceCreateOrSkip, 'create')]"
                            }
                        ]
                    }
                ]
            },
            {
                "name": "nodeVMConfiguration",
                "label": "Node Settings",
                "subLabel": {
                    "preValidation": "Configure machine settings for the node",
                    "postValidation": "Done"
                },
                "bladeTitle": "Node Settings",
                "elements": [
                    {
                        "name": "nodeVMOS",
                        "type": "Microsoft.Common.DropDown",
                        "label": "Select the OS for the VM",
                        "defaultValue": "Windows Server 2012 R2 Datacenter",
                        "toolTip": "OS platform of the VM.",
                        "constraints": {
                            "allowedValues": [
                                {
                                    "label": "Windows Server 2012 R2 Datacenter",
                                    "value": "windows"
                                },
                                {
                                    "label": "Red Hat Enterprise Linux 7.3",
                                    "value": "linux"
                                }
                            ]
                        }
                    },
                    {
                        "name": "domainNodeCount",
                        "type": "Microsoft.Common.TextBox",
                        "label": "Number of nodes",
                        "defaultValue": "1",
                        "toolTip": "Number of nodes required in the Informatica domain. Allowed number of nodes is 1 to 30",
                        "constraints": {
                            "required": true,
                            "regex": "^(([1-2]?[1-9]$)|([1-3][0]$)){1,2}",
                            "validationMessage": "Only postive number is allowed. Should be less than or equal to 30"
                        }
                    },
                    {
                        "name": "nodeVMPrefix",
                        "type": "Microsoft.Common.TextBox",
                        "label": "Machine prefix",
                        "defaultValue": "VM",
                        "toolTip": "Prefix for machine name",
                        "constraints": {
                            "required": true,
                            "regex": "^([a-zA-Z][a-z0-9A-Z\\-]{1,29})$",
                            "validationMessage": "Host prefix should begin with alphabets. Only alphanumeric characters, and hyphen are allowed. The value must be 2-29 characters long"
                        }
                    },
                    {
                        "name": "nodeVMAdminUsernameWin",
                        "type": "Microsoft.Compute.UserNameTextBox",
                        "label": "VM Username",
                        "toolTip": "Admin username for the virtual machines.",
                        "osPlatform": "Windows",
                        "constraints": {
                            "required": true
                        },
                        "visible": "[equals(steps('nodeVMConfiguration').nodeVMOS, 'windows')]"
                    },
                    {
                        "name": "nodeVMAdminUsernameLin",
                        "type": "Microsoft.Compute.UserNameTextBox",
                        "label": "VM Username",
                        "toolTip": "Admin username for the virtual machines.",
                        "osPlatform": "Linux",
                        "constraints": {
                            "required": true
                        },
                        "visible": "[equals(steps('nodeVMConfiguration').nodeVMOS, 'linux')]"
                    },
                    {
                        "name": "nodeVMAdminPasswordWin",
                        "type": "Microsoft.Compute.CredentialsCombo",
                        "label": {
                            "password": "Password",
                            "confirmPassword": "Confirm password"
                        },
                        "toolTip": {
                            "password": ""
                        },
                        "constraints": {
                            "required": true
                        },
                        "options": {
                            "hideConfirmation": false
                        },
                        "osPlatform": "Windows",
                        "visible": "[equals(steps('nodeVMConfiguration').nodeVMOS, 'windows')]"
                    },
                    {
                        "name": "nodeVMAdminPasswordLin",
                        "type": "Microsoft.Compute.CredentialsCombo",
                        "label": {
                            "authenticationType": "Authentication type",
                            "password": "Password",
                            "confirmPassword": "Confirm password",
                            "sshPublicKey": "SSH public key"
                        },
                        "toolTip": {
                            "authenticationType": "",
                            "password": "",
                            "sshPublicKey": ""
                        },
                        "constraints": {
                            "required": true
                        },
                        "options": {
                            "hideConfirmation": false,
                            "hidePassword": false
                        },
                        "osPlatform": "Linux",
                        "visible": "[equals(steps('nodeVMConfiguration').nodeVMOS, 'linux')]"
                    },
                    {
                        "name": "nodeVMSizeWin",
                        "type": "Microsoft.Compute.SizeSelector",
                        "label": "Machine size",
                        "toolTip": "The size of the machine",
                        "recommendedSizes": [
                            "Standard_DS11",
                            "Standard_DS11_v2",
                            "Standard_DS3",
                            "Standard_DS3_v2",
                            "Standard_DS4",
                            "Standard_DS4_v2"
                        ],
                        "constraints": {
                            "excludedSizes": [
                                "Standard_DS1_v2",
                                "Standard_D1_v2",
                                "Standard_DS1",
                                "Standard_D1",
                                "Standard_A1_v2",
                                "Standard_A2_v2",
                                "Standard_A0",
                                "Standard_A1",
                                "Standard_A2",
                                "Standard_F1s",
                                "Standard_F2s",
                                "Standard_F1",
                                "Standard_F2",
                                "Basic_A0",
                                "Basic_A1",
                                "Basic_A2"
                            ]
                        },
                        "osPlatform": "Windows",
                        "imageReference": {
                            "publisher": "informatica",
                            "offer": "platform_10_1_1_multi_node_domain_windows_byol",
                            "sku": "byol_windows_platform_10_1_1"
                        },
                        "count": "[steps('nodeVMConfiguration').domainNodeCount]",
                        "visible": "[equals(steps('nodeVMConfiguration').nodeVMOS, 'windows')]"
                    },
                    {
                        "name": "nodeVMSizeLin",
                        "type": "Microsoft.Compute.SizeSelector",
                        "label": "Machine size",
                        "toolTip": "The size of the machine",
                        "recommendedSizes": [
                            "Standard_DS11",
                            "Standard_DS11_v2",
                            "Standard_DS3",
                            "Standard_DS3_v2",
                            "Standard_DS4",
                            "Standard_DS4_v2"
                        ],
                        "constraints": {
                            "excludedSizes": [
                                "Standard_DS1_v2",
                                "Standard_D1_v2",
                                "Standard_DS1",
                                "Standard_D1",
                                "Standard_A1_v2",
                                "Standard_A2_v2",
                                "Standard_A0",
                                "Standard_A1",
                                "Standard_A2",
                                "Standard_F1s",
                                "Standard_F2s",
                                "Standard_F1",
                                "Standard_F2",
                                "Basic_A0",
                                "Basic_A1",
                                "Basic_A2"
                            ]
                        },
                        "osPlatform": "Linux",
                        "imageReference": {
                            "publisher": "informatica",
                            "offer": "platform_10_1_1_multi_node_domain_rhel-7-3_byol",
                            "sku": "byol_rhel_7_3_platform_10_1_1"
                        },
                        "count": "[steps('nodeVMConfiguration').domainNodeCount]",
                        "visible": "[equals(steps('nodeVMConfiguration').nodeVMOS, 'linux')]"
                    }
                ]
            },
            {
                "name": "databaseConfiguration",
                "label": "Database Settings",
                "subLabel": {
                    "preValidation": "Configure database settings",
                    "postValidation": "Done"
                },
                "bladeTitle": "Database Settings",
                "elements": [
                    {
                        "name": "databaseNewOrExisting",
                        "type": "Microsoft.Common.OptionsGroup",
                        "label": "Database",
                        "defaultValue": "New",
                        "toolTip": "Choose option New if database has to be created or Existing to use existing database on Azure",
                        "constraints": {
                            "allowedValues": [
                                {
                                    "label": "New",
                                    "value": "new"
                                },
                                {
                                    "label": "Existing",
                                    "value": "existing"
                                }
                            ]
                        }
                    },
                    {
                        "name": "databaseConfig",
                        "type": "Microsoft.Common.Section",
                        "label": "Database configuration",
                        "elements": [
                            {
                                "name": "databaseType",
                                "type": "Microsoft.Common.DropDown",
                                "label": "Database type",
                                "defaultValue": "SQL Server 2014",
                                "constraints": {
                                    "allowedValues": [
                                        {
                                            "label": "SQL Server 2014",
                                            "value": "sqlserver2014"
                                        },
                                        {
                                            "label": "SQL Server 2016",
                                            "value": "sqlserver2016"
                                        }
                                    ]
                                }
                            },
                            {
                                "name": "databaseHostName",
                                "type": "Microsoft.Common.TextBox",
                                "label": "Database machine name",
                                "defaultValue": "DVM",
                                "constraints": {
                                    "required": true,
                                    "regex": "^([a-zA-Z][a-z0-9A-Z\\-]{2,30})$",
                                    "validationMessage": "Only alphanumeric characters, and hyphen are allowed. The value must be 3-30 characters long"
                                },
                                "visible": "[not(equals(steps('databaseConfiguration').databaseConfig.databaseType, 'azuresqlserver'))]"
                            },
                            {
                                "name": "dbVMAdminUsername",
                                "type": "Microsoft.Compute.UserNameTextBox",
                                "label": "Username",
                                "toolTip": "Admin username for the machines",
                                "osPlatform": "Windows",
                                "constraints": {
                                    "required": true
                                },
                                "visible": "[not(equals(steps('databaseConfiguration').databaseConfig.databaseType, 'azuresqlserver'))]"
                            },
                            {
                                "name": "dbVMAdminPassword",
                                "type": "Microsoft.Compute.CredentialsCombo",
                                "label": {
                                    "password": "Password",
                                    "confirmPassword": "Confirm password"
                                },
                                "toolTip": {
                                    "password": "Admin password for the machines"
                                },
                                "osPlatform": "Windows",
                                "constraints": {
                                    "required": true
                                },
                                "visible": "[not(equals(steps('databaseConfiguration').databaseConfig.databaseType, 'azuresqlserver'))]"
                            },
                            {
                                "name": "databaseName",
                                "type": "Microsoft.Common.TextBox",
                                "label": "Database name",
                                "defaultValue": "infadb",
                                "toolTip": "Name for the database",
                                "constraints": {
                                    "required": true,
                                    "regex": "^([a-zA-Z][a-z0-9A-Z]{2,30})$",
                                    "validationMessage": "Only alphanumeric characters are allowed. The value must be 3-30 characters long"
                                },
                                "visible": "[not(equals(steps('databaseConfiguration').databaseConfig.databaseType, 'azuresqlserver'))]"
                            },
                            {
                                "name": "databaseVMSize",
                                "type": "Microsoft.Compute.SizeSelector",
                                "label": "Database machine size",
                                "toolTip": "The size of machine for database",
                                "recommendedSizes": [
                                    "Standard_DS3",
                                    "Standard_DS3_v2",
                                    "Standard_DS4",
                                    "Standard_DS4_v2"
                                ],
                                "constraints": {
                                    "excludedSizes": [
                                        "Standard_DS1_v2",
                                        "Standard_D1_v2",
                                        "Standard_DS1",
                                        "Standard_D1",
                                        "Standard_A1_v2",
                                        "Standard_A2_v2",
                                        "Standard_A0",
                                        "Standard_A1",
                                        "Standard_A2",
                                        "Standard_F1s",
                                        "Standard_F2s",
                                        "Standard_F1",
                                        "Standard_F2",
                                        "Basic_A0",
                                        "Basic_A1",
                                        "Basic_A2"
                                    ]
                                },
                                "osPlatform": "Windows",
                                "imageReference": {
                                    "publisher": "MicrosoftSQLServer",
                                    "offer": "SQL2014SP2-WS2012R2",
                                    "sku": "Enterprise"
                                },
                                "count": 1,
                                "visible": "[not(equals(steps('databaseConfiguration').databaseConfig.databaseType, 'azuresqlserver'))]"
                            }
                        ],
                        "visible": "[equals(steps('databaseConfiguration').databaseNewOrExisting, 'new')]"
                    },
                    {
                        "name": "domainDatabaseUser",
                        "type": "Microsoft.Common.Section",
                        "label": "Domain database user",
                        "elements": [
                            {
                                "name": "infaDomainDBUser",
                                "type": "Microsoft.Common.TextBox",
                                "label": "Informatica domain DB user",
                                "defaultValue": "",
                                "toolTip": "Database user to be created for communication between Domain and Database",
                                "constraints": {
                                    "required": true,
                                    "regex": "(?!^(p|P)(u|U)(b|B)(l|L)(i|I)(c|C)$)(?!^(d|D)(b|B)(o|O)$)(?!^(s|S)(y|Y)(s|S)$)(?!^(g|G)(u|U)(e|E)(s|S)(t|T)$)(^[a-zA-Z][a-zA-Z0-9_-]{2,127}$)",
                                    "validationMessage": "Username must begin with an alphabet, only alphanumeric characters, hyphen and underscore are allowed, and the value must be 3-128 characters in length. Usernames sa, public, dbo, sys, and guest are not allowed"
                                }
                            },
                            {
                                "name": "infaDomainDBPassword",
                                "type": "Microsoft.Common.PasswordBox",
                                "label": {
                                    "password": "Informatica domain DB password",
                                    "confirmPassword": "Confirm Informatica domain DB password"
                                },
                                "constraints": {
                                    "required": true,
                                    "regex": "^(?=.*[A-Z])(?=.*[a-z])(?=.*\\d)(?=.*[^\\s\\w])(?!.*[\"$]).{8,123}$",
                                    "validationMessage": "Password must be at least 8 characters in length. Should contain at least one special character, number, upper-case and lower-case character. Double quote(\") and dollar($) is not allowed"
                                },
                                "options": {
                                    "hideConfirmation": false
                                }
                            }
                        ],
                        "visible": "[equals(steps('databaseConfiguration').databaseNewOrExisting, 'new')]"
                    },
                    {
                        "name": "serviceDatabaseUser",
                        "type": "Microsoft.Common.Section",
                        "label": "Service database user",
                        "elements": [
                            {
                                "name": "infaPCServiceDBUser",
                                "type": "Microsoft.Common.TextBox",
                                "label": "Informatica Repository DB user",
                                "defaultValue": "",
                                "toolTip": "Database user to create PowerCenter Repository metadata",
                                "constraints": {
                                    "required": true,
                                    "regex": "(?!^(p|P)(u|U)(b|B)(l|L)(i|I)(c|C)$)(?!^(d|D)(b|B)(o|O)$)(?!^(s|S)(y|Y)(s|S)$)(?!^(g|G)(u|U)(e|E)(s|S)(t|T)$)(^[a-zA-Z][a-zA-Z0-9_-]{2,127}$)",
                                    "validationMessage": "Username must begin with an alphabet, only alphanumeric characters, hyphen and underscore are allowed, and the value must be 3-128 characters in length. Usernames sa, public, dbo, sys, and guest are not allowed"
                                }
                            },
                            {
                                "name": "infaPCServiceDBPassword",
                                "type": "Microsoft.Common.PasswordBox",
                                "label": {
                                    "password": "Informatica Repository DB password",
                                    "confirmPassword": "Confirm Informatica Repository DB password"
                                },
                                "constraints": {
                                    "required": true,
                                    "regex": "^(?=.*[A-Z])(?=.*[a-z])(?=.*\\d)(?=.*[^\\s\\w])(?!.*[\"$]).{8,123}$",
                                    "validationMessage": "Password must be at least 8 characters in length. Should contain at least one special character, number, upper-case and lower-case character. Double quote(\") and dollar($) is not allowed"
                                },
                                "options": {
                                    "hideConfirmation": false
                                }
                            }
                        ],
                        "visible": "[and(equals(steps('databaseConfiguration').databaseNewOrExisting, 'new'), equals(steps('infaDomainConfiguration').domainServiceConfig.pcServiceCreateOrSkip, 'create'))]"
                    },
                    {
                        "name": "databaseExistingType",
                        "type": "Microsoft.Common.DropDown",
                        "label": "Database type",
                        "defaultValue": "SQL Server",
                        "constraints": {
                            "allowedValues": [
                                {
                                    "label": "SQL Server",
                                    "value": "sqlserver"
                                },
                                {
                                    "label": "Oracle",
                                    "value": "oracle"
                                },
                                {
                                    "label": "DB2",
                                    "value": "db2"
                                }
                            ]
                        },
                        "visible": "[equals(steps('databaseConfiguration').databaseNewOrExisting, 'existing')]"
                    },
                    {
                        "name": "databaseExistingConfig",
                        "type": "Microsoft.Common.Section",
                        "label": "Database configuration",
                        "elements": [
                            {
                                "name": "databaseExistingHostName",
                                "type": "Microsoft.Common.TextBox",
                                "label": "Database machine name",
                                "constraints": {
                                    "required": true
                                }
                            },
                            {
                                "name": "databaseExistingPort",
                                "type": "Microsoft.Common.TextBox",
                                "label": "Database port",
                                "constraints": {
                                    "required": true
                                }
                            },
                            {
                                "name": "databaseExistingName",
                                "type": "Microsoft.Common.TextBox",
                                "label": "Database name",
                                "constraints": {
                                    "required": true
                                }
                            },
                            {
                                "name": "databaseExistingTablespace",
                                "type": "Microsoft.Common.TextBox",
                                "label": "DB2 database tablespace name",
                                "constraints": {
                                    "required": false
                                },
                                "visible": "[equals(steps('databaseConfiguration').databaseExistingType, 'db2')]"
                            }
                        ],
                        "visible": "[equals(steps('databaseConfiguration').databaseNewOrExisting, 'existing')]"
                    },
                    {
                        "name": "domainExistingDatabaseUser",
                        "type": "Microsoft.Common.Section",
                        "label": "Domain database user",
                        "elements": [
                            {
                                "name": "infaExistingDomainDBUser",
                                "type": "Microsoft.Common.TextBox",
                                "label": "Informatica domain DB user",
                                "defaultValue": "",
                                "toolTip": "Database user needed for communication between Domain and Database",
                                "constraints": {
                                    "required": true
                                }
                            },
                            {
                                "name": "infaExistingDomainDBPassword",
                                "type": "Microsoft.Common.PasswordBox",
                                "label": {
                                    "password": "Informatica domain DB password",
                                    "confirmPassword": "Confirm Informatica domain DB password"
                                },
                                "constraints": {
                                    "required": true
                                },
                                "options": {
                                    "hideConfirmation": true
                                }
                            }
                        ],
                        "visible": "[equals(steps('databaseConfiguration').databaseNewOrExisting, 'existing')]"
                    },
                    {
                        "name": "serviceExistingDatabaseUser",
                        "type": "Microsoft.Common.Section",
                        "label": "Service database user",
                        "elements": [
                            {
                                "name": "infaPCServiceExistingDBUser",
                                "type": "Microsoft.Common.TextBox",
                                "label": "Informatica Repository DB user",
                                "defaultValue": "",
                                "toolTip": "Database user needed to create PowerCenter Repository metadata",
                                "constraints": {
                                    "required": true
                                }
                            },
                            {
                                "name": "infaPCServiceExistingDBPassword",
                                "type": "Microsoft.Common.PasswordBox",
                                "label": {
                                    "password": "Informatica Repository DB password",
                                    "confirmPassword": "Confirm Informatica Repository DB password"
                                 },
                                 "constraints": {
                                    "required": true
                                 },
                                 "options": {
                                    "hideConfirmation": true
                                 }
                            }
                        ],
                        "visible": "[and(equals(steps('databaseConfiguration').databaseNewOrExisting, 'existing'), equals(steps('infaDomainConfiguration').domainServiceConfig.pcServiceCreateOrSkip, 'create'))]"
                    }
                ]
            },
            {
                "name": "infraConfiguration",
                "label": "Infrastructure Settings",
                "subLabel": {
                    "preValidation": "Configure Storage and VNET settings",
                    "postValidation": "Done"
                },
                "bladeTitle": "Infrastructure Settings",
                "elements": [
                    {
                        "name": "storageAccount",
                        "type": "Microsoft.Storage.StorageAccountSelector",
                        "label": "Storage account",
                        "toolTip": "Storage account used for the machines",
                        "defaultValue": {
                            "type": "Standard_LRS"
                        }
                    },
                    {
                        "name": "infavnet",
                        "type": "Microsoft.Network.VirtualNetworkCombo",
                        "label": {
                            "virtualNetwork": "Virtual network",
                            "subnets": "Subnets"
                        },
                        "toolTip": {
                            "virtualNetwork": "Virtual network all resource required to be part of",
                            "subnets": "Subnet all resource required to be part of"
                        },
                        "defaultValue": {
                            "name": "InfaVNET",
                            "addressPrefixSize": "/16"
                        },
                        "constraints": {
                            "minAddressPrefixSize": "/30"
                        },
                        "subnets": {
                            "subnet1": {
                                "label": "Subnet",
                                "defaultValue": {
                                    "name": "InfaSubnet",
                                    "addressPrefixSize": "/24"
                                },
                                "constraints": {
                                    "minAddressPrefixSize": "/30",
                                    "minAddressCount": "[add(steps('nodeVMConfiguration').domainNodeCount, 1)]",
                                    "requireContiguousAddresses": true
                                }
                            }
                        }
                    }
                ]
            }
        ],

        "outputs": {
            "location": "[location()]",

            "nodeVMCount": "[steps('nodeVMConfiguration').domainNodeCount]",
            "nodeVMNamePrefix": "[steps('nodeVMConfiguration').nodeVMPrefix]",
            "nodeVMAuthType": "[coalesce(steps('nodeVMConfiguration').nodeVMAdminPasswordWin.authenticationType, steps('nodeVMConfiguration').nodeVMAdminPasswordLin.authenticationType)]",
            "nodeVMAdminUsername": "[coalesce(steps('nodeVMConfiguration').nodeVMAdminUsernameWin, steps('nodeVMConfiguration').nodeVMAdminUsernameLin)]",
            "nodeVMAdminPassword": "[coalesce(steps('nodeVMConfiguration').nodeVMAdminPasswordWin.password, steps('nodeVMConfiguration').nodeVMAdminPasswordLin.password)]",
            "nodeVMAdminSshPublicKey": "[steps('nodeVMConfiguration').nodeVMAdminPasswordLin.sshPublicKey]",
            "nodeVMSize": "[coalesce(steps('nodeVMConfiguration').nodeVMSizeWin, steps('nodeVMConfiguration').nodeVMSizeLin)]",
            "nodeVMOS": "[steps('nodeVMConfiguration').nodeVMOS]",

            "infaVersion": "[steps('infaDomainConfiguration').domainConfig.infaVersion]",
            "infaDomainName": "[steps('infaDomainConfiguration').domainConfig.infaDomainName]",
            "infaDomainUser": "[steps('infaDomainConfiguration').domainConfig.infaDomainUser]",
            "infaDomainPassword": "[steps('infaDomainConfiguration').domainConfig.infaDomainPassword]",
            "infaKeyword": "[steps('infaDomainConfiguration').domainConfig.infaDomainEncryptionKeyword]",
            "infaPCSkipOrCreate": "[steps('infaDomainConfiguration').domainServiceConfig.pcServiceCreateOrSkip]",
            "infaPCRSName": "[steps('infaDomainConfiguration').domainServiceConfig.pcRepositoryServiceName]",
            "infaPCISName": "[steps('infaDomainConfiguration').domainServiceConfig.pcIntegrationServiceName]",
            "infaDomainLicense": "[steps('infaDomainConfiguration').domainConfig.infaDomainLicense]",
            

            "dbNewOrExisting": "[steps('databaseConfiguration').databaseNewOrExisting]",
            "dbVMName": "[coalesce(steps('databaseConfiguration').databaseConfig.databaseHostName, steps('databaseConfiguration').databaseExistingConfig.databaseExistingHostName)]",
            "dbVMSize": "[steps('databaseConfiguration').databaseConfig.databaseVMSize]",
            "dbType": "[coalesce(steps('databaseConfiguration').databaseConfig.databaseType, steps('databaseConfiguration').databaseExistingType)]",
            "dbName": "[coalesce(steps('databaseConfiguration').databaseConfig.databaseName, steps('databaseConfiguration').databaseExistingConfig.databaseExistingName)]",
            "dbPort": "[steps('databaseConfiguration').databaseExistingConfig.databaseExistingPort]",
            "dbTablespace": "[steps('databaseConfiguration').databaseExistingConfig.databaseExistingTablespace]",
            "dbVMAdminUsername": "[steps('databaseConfiguration').databaseConfig.dbVMAdminUsername]",
            "dbVMAdminPassword": "[steps('databaseConfiguration').databaseConfig.dbVMAdminPassword.password]",
            "dbUser": "[coalesce(steps('databaseConfiguration').domainDatabaseUser.infaDomainDBUser, steps('databaseConfiguration').domainExistingDatabaseUser.infaDomainExistingDBUser)]",
            "dbPassword": "[coalesce(steps('databaseConfiguration').domainDatabaseUser.infaDomainDBPassword, steps('databaseConfiguration').domainExistingDatabaseUser.infaDomainExistingDBPassword)]",
            "dbPCRSUser": "[coalesce(steps('databaseConfiguration').serviceDatabaseUser.infaPCServiceDBUser, steps('databaseConfiguration').serviceExistingDatabaseUser.infaPCServiceExistingDBUser)]",
            "dbPCRSPassword": "[coalesce(steps('databaseConfiguration').serviceDatabaseUser.infaPCServiceDBPassword, steps('databaseConfiguration').serviceExistingDatabaseUser.infaPCServiceExistingDBPassword)]",

            "storageExistingOrNew": "[steps('infraConfiguration').storageAccount.newOrExisting]",
            "existingStorageRG": "[steps('infraConfiguration').storageAccount.resourceGroup]",
            "storageName": "[steps('infraConfiguration').storageAccount.name]",
            "storageType": "[steps('infraConfiguration').storageAccount.type]",

            "vnetExistingOrNew": "[steps('infraConfiguration').infavnet.newOrExisting]",
            "existingVnetRG": "[steps('infraConfiguration').infavnet.resourceGroup]",
            "vnetName": "[steps('infraConfiguration').infavnet.name]",
            "vnetAddressPrefix": "[steps('infraConfiguration').infavnet.addressPrefix]",
            "subnetName": "[steps('infraConfiguration').infavnet.subnets.subnet1.name]",
            "subnetPrefix": "[steps('infraConfiguration').infavnet.subnets.subnet1.addressPrefix]"
        }
    }
}